{"_runtime":7330,"episode":1435,"mean_reward_episode":-20.47,"_wandb":{"runtime":7330},"epsilon":0.488127171485444,"avg_loss":0.0234055800185549,"episode_steps":824,"_step":1434,"episode_reward":-21,"_timestamp":1.764339108215408e+09}