{"_step":401,"epsilon":0.13398475271138335,"episode_reward":-21,"episode_steps":825,"_wandb":{"runtime":1230},"mean_reward_episode":-20.82,"_runtime":1230,"episode":402,"avg_loss":0.025885016511045217,"_timestamp":1.7643420665040693e+09}