{"_wandb":{"runtime":48},"avg_loss":0.02971691357835232,"mean_reward_episode":-20.5,"episode_reward":-21,"beta":0.4186096,"episode":6,"_runtime":48,"_timestamp":1.7643317459487748e+09,"_step":5,"episode_steps":932,"epsilon":0.9975024987503127}