{"_wandb":{"runtime":10290},"_runtime":10290,"avg_loss":0.0007100980683647338,"mean_reward_episode":18.06,"episode":476,"beta":1,"episode_steps":1696,"_timestamp":1.7645027632953813e+09,"episode_reward":20,"epsilon":0.01,"_step":475}