{"_timestamp":1.7645015391936994e+09,"episode":544,"_step":543,"episode_steps":1817,"avg_loss":0.002037479307313782,"episode_reward":20,"mean_reward_episode":18.05,"epsilon":0.01,"_runtime":8984,"_wandb":{"runtime":8984}}