{"beta":1,"_timestamp":1.7643613090388274e+09,"_runtime":10189,"episode_reward":18,"mean_reward_episode":18.13,"_step":755,"_wandb":{"runtime":10189},"episode_steps":2147,"episode":756,"epsilon":0.022720922640519125,"avg_loss":0.0010534495080766688}