{"avg_loss":0.002435877345231377,"_runtime":2758,"episode_reward":19,"epsilon":0.01,"mean_reward_episode":18.03,"_wandb":{"runtime":2758},"_timestamp":1.7639246648732085e+09,"_step":225,"episode_steps":1951,"episode":1226}