{"episode_steps":1831,"mean_reward_episode":18.05,"_timestamp":1.7644312806096544e+09,"_step":682,"_wandb":{"runtime":10566},"_runtime":10566,"avg_loss":0.000878201235703642,"beta":1,"episode_reward":19,"episode":683,"epsilon":0.03275978694079333}