{"_wandb":{"runtime":16795},"_runtime":16795,"mean_reward_episode":18.03,"epsilon":0.01,"episode_steps":2738,"_step":1179,"episode_reward":21,"episode":1180,"_timestamp":1.7643628798574436e+09,"avg_loss":0.0014525820308876748}