{"_runtime":24185,"avg_loss":0.024603951680336123,"epsilon":0.01,"episode_steps":763,"_timestamp":1.7643732780222428e+09,"mean_reward_episode":-20.98,"_step":4999,"_wandb":{"runtime":24185},"episode_reward":-21,"episode":5000}