{"_runtime":9494,"_timestamp":1.764430255765648e+09,"episode":839,"episode_reward":20,"epsilon":0.014987930304771725,"avg_loss":0.00112817522452436,"_step":838,"_wandb":{"runtime":9494},"beta":1,"episode_steps":1918,"mean_reward_episode":18.02}