{"episode":17,"epsilon":0.918316468354365,"mean_reward":-20.647058823529413,"current_reward":-2,"mean_reward_100":-20.647058823529413,"avg_loss":0.013463181051658706,"episode_reward":-21,"step":25500,"episode_steps":973,"_step":47,"_wandb":{"runtime":385},"_runtime":385,"_timestamp":1.7636721228751523e+09}