{"episode_steps":3417,"_runtime":53,"_step":2,"episode":3,"avg_loss":0.003018197212050012,"epsilon":0.01,"_wandb":{"runtime":53},"episode_reward":-10,"mean_reward_episode":-4.61,"_timestamp":1.7639214905579135e+09}