{"avg_loss":0.0016634656820945393,"_timestamp":1.7645185069260368e+09,"episode_reward":20,"_step":411,"episode_steps":1838,"epsilon":0.016071817032256998,"mean_reward_episode":18.07,"_wandb":{"runtime":17025},"episode":412,"_runtime":17025}