{"_wandb":{"runtime":23},"avg_loss":0.0026611908213931786,"episode_reward":2,"_step":0,"episode":1,"epsilon":0.01,"episode_steps":3749,"_timestamp":1.763921749898273e+09,"mean_reward_episode":-4.72,"_runtime":23}