{"avg_loss":0.00048110589383967877,"beta":1,"mean_reward_episode":18,"episode_steps":1637,"episode_reward":21,"_step":403,"_runtime":14068,"_timestamp":1.764517018556907e+09,"episode":404,"epsilon":0.01741740389222302,"_wandb":{"runtime":14068}}