{"_timestamp":1.7643504450438669e+09,"epsilon":0.01,"episode":337,"_wandb":{"runtime":1577},"avg_loss":0.024036208664122233,"episode_reward":-21,"_runtime":1577,"episode_steps":763,"_step":336,"mean_reward_episode":-20.98}