{"epsilon":0.01,"_wandb":{"runtime":12885},"_timestamp":1.764551594512776e+09,"_step":726,"_runtime":12885,"episode_steps":2117,"mean_reward_episode":18.01,"episode":727,"avg_loss":0.0014018177552503448,"episode_reward":20}