{"_timestamp":1.763907760819948e+09,"_runtime":72911,"mean_reward_episode":18.09,"_step":1205,"episode":1206,"epsilon":0.01,"episode_steps":1812,"_wandb":{"runtime":72911},"episode_reward":20,"avg_loss":0.0018693949085602586}