{"epsilon":0.01,"_timestamp":1.7645227507238207e+09,"episode_steps":2254,"avg_loss":0.0015970720497334825,"_step":669,"episode":670,"_wandb":{"runtime":16376},"_runtime":16376,"episode_reward":18,"mean_reward_episode":18.01}