{"epsilon":0.9980014995000627,"episode":5,"_runtime":106,"mean_reward_episode":-20.4,"_wandb":{"runtime":106},"episode_steps":810,"episode_reward":-21,"avg_loss":0.0085122171174661,"_timestamp":1.7641091936362507e+09,"_step":4}