{"epsilon":0.8600583546412883,"beta":0.42982240000000005,"mean_reward_episode":-20.3125,"_wandb":{"runtime":176},"_step":15,"_runtime":176,"episode_reward":-21,"episode":16,"episode_steps":819,"avg_loss":0.00690216884732519,"_timestamp":1.7644422653732123e+09}