{"_step":111,"avg_loss":0.00767767187549707,"_runtime":430,"_wandb":{"runtime":430},"episode_reward":-21,"episode_steps":872,"_timestamp":1.7643404918430722e+09,"episode":112,"epsilon":0.5732736268885887,"mean_reward_episode":-20.49}