{"avg_loss":0.02503776918220241,"_timestamp":1.7645059177546668e+09,"_runtime":13551,"_wandb":{"runtime":13551},"episode_steps":763,"episode_reward":-21,"episode":1441,"epsilon":0.01,"_step":1440,"mean_reward_episode":-20.98}