{"episode_reward":19,"avg_loss":0.0025717138855782915,"_timestamp":1.7639171533650012e+09,"mean_reward_episode":18,"_wandb":{"runtime":9969},"episode":1272,"_runtime":9969,"_step":1271,"epsilon":0.01,"episode_steps":1892}