{"_step":672,"mean_reward_episode":18,"epsilon":0.034443736736092176,"_runtime":12194,"_timestamp":1.7644522988182056e+09,"_wandb":{"runtime":12194},"episode_reward":19,"beta":1,"episode_steps":1738,"episode":673,"avg_loss":0.0007472595607899161}