{"avg_loss":0.0010733279584706503,"beta":1,"_timestamp":1.764453547414078e+09,"_step":590,"episode":591,"_wandb":{"runtime":13469},"epsilon":0.01,"episode_steps":2160,"mean_reward_episode":18,"_runtime":13469,"episode_reward":19}