{"avg_loss":0.027042013782973787,"mean_reward_100":-20.92,"_timestamp":1.7637205299947054e+09,"_wandb":{"runtime":12102},"episode_steps":823,"episode_reward":-21,"epsilon":0.06348840406243188,"_step":550,"_runtime":12102,"episode":551}