{"mean_reward_episode":-20.44,"epsilon":0.7822236754458713,"beta":0.733168,"episode":50,"episode_steps":902,"_runtime":896,"_step":49,"_timestamp":1.7641047831018598e+09,"episode_reward":-20,"avg_loss":0.005953335857422676,"_wandb":{"runtime":896}}