{"mean_reward_episode":-20.24,"avg_loss":0.01364861193119013,"_step":24,"_wandb":{"runtime":104},"episode_steps":851,"_runtime":104,"epsilon":0.8866535105013078,"episode_reward":-21,"_timestamp":1.7643406475088794e+09,"episode":25}