{"mean_reward_episode":18.07,"_runtime":22445,"episode_steps":2725,"episode":1565,"_wandb":{"runtime":22445},"epsilon":0.01,"avg_loss":0.0023653268454940524,"episode_reward":19,"_step":1564,"_timestamp":1.764372945500097e+09}