{"_runtime":9256,"epsilon":0.015751987873315085,"episode_steps":1820,"_timestamp":1.7644515647934394e+09,"mean_reward_episode":18,"episode_reward":20,"episode":414,"avg_loss":0.0009187648659632772,"_wandb":{"runtime":9256},"beta":1,"_step":413}